id,subject,catalogNbr,roster,title,prereq_text,prereq_ast,prereq_confidence,unitsMin,unitsMax
FA14-CS-1110-1,CS,1110,FA14,Introduction to Computing Using Python,Assumes basic high school mathematics (no calculus) but no programming experience.,,0.0,4,4
FA14-CS-1112-1,CS,1112,FA14,Introduction to Computing Using MATLAB,"Corequisite: MATH 1110, MATH 1910, or equivalent. Assumes student is comfortable with mathematics (at level of one semester of calculus) but has no prior programming experience.","{""type"": ""COREQUISITE"", ""courses"": [""MATH 1110"", ""MATH 1910""], ""raw_text"": ""Corequisite: MATH 1110, MATH 1910, or equivalent. Assumes student is comfortable with mathematics (at level of one semester of calculus) but has no prior programming experience."", ""metadata"": {""has_permission_clause"": false, ""has_equivalent_clause"": true, ""is_recommended"": false}}",0.3999999999999999,4,4
FA14-CS-1132-1,CS,1132,FA14,Transition to MATLAB,Prerequisite: one course in programming.,,0.0,1,1
FA14-CS-1133-1,CS,1133,FA14,Transition to Python,,,0.0,1,1
FA14-CS-1142-1,CS,1142,FA14,Introduction to MATLAB,"Corequisite: MATH 1110, MATH 1910, or equivalent.  No programming experience assumed.","{""type"": ""COREQUISITE"", ""courses"": [""MATH 1110"", ""MATH 1910""], ""raw_text"": ""Corequisite: MATH 1110, MATH 1910, or equivalent.\u00a0 No programming experience assumed."", ""metadata"": {""has_permission_clause"": false, ""has_equivalent_clause"": true, ""is_recommended"": false}}",0.7000000000000001,2,2
FA14-CS-1300-2,CS,1300,FA14,Introductory Design and Programming for the Web,,,0.0,3,3
FA14-CS-1610-1,CS,1610,FA14,Computing in the Arts,Recommended prerequisite: good comfort level with computers and some of the arts.,,0.0,3,3
FA14-CS-1620-3,CS,1620,FA14,Visual Imaging in the Electronic Age,,,0.0,4,4
FA14-CS-2024-1,CS,2024,FA14,C++ Programming,Prerequisite: one programming course or equivalent programming experience. Students who plan to take CS 2022 and 2024 must take CS 2022 first.,"{""type"": ""PREREQUISITE"", ""courses"": [""CS 2022""], ""raw_text"": ""Prerequisite: one programming course or equivalent programming experience. Students who plan to take CS 2022 and 2024 must take\u00a0CS 2022 first."", ""metadata"": {""has_permission_clause"": false, ""has_equivalent_clause"": true, ""is_recommended"": false}}",0.6000000000000001,2,2
FA14-CS-2048-1,CS,2048,FA14,Introduction to iPhone App Development,Prerequisites: CS 2110 or CS 2112.,"{""type"": ""PREREQUISITE_OR"", ""courses"": [""CS 2110"", ""CS 2112""], ""raw_text"": ""Prerequisites: CS 2110\u00a0or CS 2112."", ""metadata"": {""has_permission_clause"": false, ""has_equivalent_clause"": false, ""is_recommended"": false}}",0.9,1,1
FA14-CS-2110-1,CS,2110,FA14,Object-Oriented Programming and Data Structures,Prerequisite: CS 1110    or CS 1130 or CS 1112 (taken Fall 2012 or later) or CS 1114 (taken Fall 2012 or later) or CS 1115 or equivalent course on object-oriented programming.,"{""type"": ""PREREQUISITE_OR"", ""courses"": [""CS 1110"", ""CS 1130"", ""CS 1112"", ""CS 1114"", ""CS 1115""], ""raw_text"": ""Prerequisite:\u00a0CS 1110    or CS 1130 or CS 1112 (taken Fall 2012 or later) or CS 1114 (taken Fall 2012 or later) or CS 1115 or equivalent course on object-oriented programming."", ""metadata"": {""has_permission_clause"": false, ""has_equivalent_clause"": true, ""is_recommended"": false}}",0.3999999999999999,3,3
FA14-CS-2111-1,CS,2111,FA14,Programming Practicum,Corequisite: CS 2110.,"{""type"": ""COREQUISITE"", ""courses"": [""CS 2110""], ""raw_text"": ""Corequisite: CS 2110."", ""metadata"": {""has_permission_clause"": false, ""has_equivalent_clause"": false, ""is_recommended"": false}}",1.0,1,1
FA14-CS-2112-1,CS,2112,FA14,Object-Oriented Design and Data Structures - Honors,"Prerequisite: very good performance in CS 1110 or CS 1130 or equivalent course in Java or C++, or permission of the instructor.","{""type"": ""PREREQUISITE_OR"", ""courses"": [""CS 1110"", ""CS 1130""], ""raw_text"": ""Prerequisite: very good performance in CS 1110\u00a0or CS 1130\u00a0or equivalent course in Java or C++, or permission of the instructor."", ""metadata"": {""has_permission_clause"": true, ""has_equivalent_clause"": true, ""is_recommended"": false}}",0.6000000000000001,4,4
FA14-CS-2800-1,CS,2800,FA14,Discrete Structures,Prerequisite or corequisite: one programming course or permission of instructor.,,0.0,3,3
FA14-CS-2850-3,CS,2850,FA14,Networks,,,0.0,4,4
FA14-CS-3110-1,CS,3110,FA14,Data Structures and Functional Programming,Prerequisite: CS 2110 or equivalent programming experience. Prerequisite or corequisite: CS 2800. Should not be taken concurrently with CS 3410 or CS 3420.,"{""type"": ""COREQUISITE"", ""courses"": [""CS 2110"", ""CS 2800"", ""CS 3410"", ""CS 3420""], ""raw_text"": ""Prerequisite: CS 2110 or equivalent programming experience. Prerequisite or corequisite: CS 2800. Should not be taken concurrently with CS 3410 or CS 3420."", ""metadata"": {""has_permission_clause"": false, ""has_equivalent_clause"": true, ""is_recommended"": false}}",0.6000000000000001,4,4
FA14-CS-4090-1,CS,4090,FA14,Teaching Experience in Computer Science,,,0.0,1,4
FA14-CS-4110-1,CS,4110,FA14,Programming Languages and Logics,Prerequisite: CS 3110 or permission of instructor.,"{""type"": ""PREREQUISITE"", ""courses"": [""CS 3110""], ""raw_text"": ""Prerequisite: CS 3110\u00a0or permission of instructor."", ""metadata"": {""has_permission_clause"": true, ""has_equivalent_clause"": false, ""is_recommended"": false}}",0.7000000000000001,4,4
FA14-CS-4154-1,CS,4154,FA14,Analytics-driven Game Design,Prerequisites for programmers: CS 2110 (or permission of the instructor). Prerequisites for designers: INFO 2450 and/or submission of art/design portfolio to instructor.,"{""type"": ""PREREQUISITE_OR"", ""courses"": [""CS 2110"", ""INFO 2450""], ""raw_text"": ""Prerequisites for programmers: CS 2110\u00a0(or permission of the instructor). Prerequisites for designers: INFO 2450\u00a0and/or submission of art/design portfolio to instructor."", ""metadata"": {""has_permission_clause"": true, ""has_equivalent_clause"": false, ""is_recommended"": false}}",0.29999999999999993,3,3
FA14-CS-4210-2,CS,4210,FA14,Numerical Analysis and Differential Equations,"Prerequisites: MATH 2210 or MATH 2940 or equivalent, one additional mathematics course numbered 3000 or above, and knowledge of programming.","{""type"": ""PREREQUISITE_OR"", ""courses"": [""MATH 2210"", ""MATH 2940""], ""raw_text"": ""Prerequisites: MATH 2210 or MATH 2940 or equivalent, one additional mathematics course numbered 3000 or above, and knowledge of programming."", ""metadata"": {""has_permission_clause"": false, ""has_equivalent_clause"": true, ""is_recommended"": false}}",0.6000000000000001,4,4
FA14-CS-4300-2,CS,4300,FA14,Information Retrieval,Prerequisite: INFO 2950 and INFO 3300 (or a machine learning course).,"{""type"": ""PREREQUISITE_OR"", ""courses"": [""INFO 2950"", ""INFO 3300""], ""raw_text"": ""Prerequisite: INFO 2950\u00a0and INFO 3300\u00a0(or a machine learning course)."", ""metadata"": {""has_permission_clause"": false, ""has_equivalent_clause"": false, ""is_recommended"": false}}",0.7999999999999999,3,3
FA14-CS-4320-1,CS,4320,FA14,Introduction to Database Systems,Prerequisites: CS 2110 or CS 2800 and permission of instructor.,"{""type"": ""PREREQUISITE_OR"", ""courses"": [""CS 2110"", ""CS 2800""], ""raw_text"": ""Prerequisites: CS 2110\u00a0or\u00a0CS 2800\u00a0and permission of instructor."", ""metadata"": {""has_permission_clause"": true, ""has_equivalent_clause"": false, ""is_recommended"": false}}",0.6000000000000001,3,3
FA14-CS-4321-1,CS,4321,FA14,Practicum in Database Systems,Prerequisite or corequisite: CS 4320.,"{""type"": ""COREQUISITE"", ""courses"": [""CS 4320""], ""raw_text"": ""Prerequisite or corequisite: CS 4320."", ""metadata"": {""has_permission_clause"": false, ""has_equivalent_clause"": false, ""is_recommended"": false}}",1.0,2,2
FA14-CS-4410-1,CS,4410,FA14,Operating Systems,Prerequisite: CS 3410 or CS 3420.,"{""type"": ""PREREQUISITE_OR"", ""courses"": [""CS 3410"", ""CS 3420""], ""raw_text"": ""Prerequisite: CS 3410\u00a0or CS 3420."", ""metadata"": {""has_permission_clause"": false, ""has_equivalent_clause"": false, ""is_recommended"": false}}",1.0,3,3
FA14-CS-4411-1,CS,4411,FA14,Practicum in Operating Systems,Corequisite: CS 4410.,"{""type"": ""COREQUISITE"", ""courses"": [""CS 4410""], ""raw_text"": ""Corequisite: CS 4410."", ""metadata"": {""has_permission_clause"": false, ""has_equivalent_clause"": false, ""is_recommended"": false}}",1.0,2,2
FA14-CS-4420-2,CS,4420,FA14,Computer Architecture,Prerequisites: CS 3420/ECE 3140 or CS 3410.,"{""type"": ""PREREQUISITE_OR"", ""courses"": [""CS 3420"", ""ECE 3140"", ""CS 3410""], ""raw_text"": ""Prerequisites: CS 3420/ECE 3140 or CS 3410."", ""metadata"": {""has_permission_clause"": false, ""has_equivalent_clause"": false, ""is_recommended"": false}}",0.9,4,4
FA14-CS-4620-1,CS,4620,FA14,Introduction to Computer Graphics,Prerequisite: CS 2110/ENGRD 2110.,"{""type"": ""PREREQUISITE"", ""courses"": [""CS 2110"", ""ENGRD 2110""], ""raw_text"": ""Prerequisite: CS 2110/ENGRD 2110."", ""metadata"": {""has_permission_clause"": false, ""has_equivalent_clause"": false, ""is_recommended"": false}}",1.0,3,3
FA14-CS-4621-1,CS,4621,FA14,Computer Graphics Practicum,Prerequisite or corequisite: CS 4620.,"{""type"": ""COREQUISITE"", ""courses"": [""CS 4620""], ""raw_text"": ""Prerequisite or corequisite: CS 4620."", ""metadata"": {""has_permission_clause"": false, ""has_equivalent_clause"": false, ""is_recommended"": false}}",1.0,2,2
FA14-CS-4700-1,CS,4700,FA14,Foundations of Artificial Intelligence,Prerequisites: CS 2110/ENGRD 2110 and CS 2800 or equivalent.,"{""type"": ""PREREQUISITE_OR"", ""courses"": [""CS 2110"", ""ENGRD 2110"", ""CS 2800""], ""raw_text"": ""Prerequisites: CS 2110/ENGRD 2110\u00a0and CS 2800\u00a0or equivalent."", ""metadata"": {""has_permission_clause"": false, ""has_equivalent_clause"": true, ""is_recommended"": false}}",0.6000000000000001,3,3
FA14-CS-4701-1,CS,4701,FA14,Practicum in Artificial Intelligence,Prerequisite or corequisite: CS 4700.,"{""type"": ""COREQUISITE"", ""courses"": [""CS 4700""], ""raw_text"": ""Prerequisite or corequisite: CS 4700."", ""metadata"": {""has_permission_clause"": false, ""has_equivalent_clause"": false, ""is_recommended"": false}}",1.0,2,2
FA14-CS-4744-3,CS,4744,FA14,Computational Linguistics,"Prerequisite: CS 2800  or LING 3302  or LING 3303, or permission of instructor.","{""type"": ""PREREQUISITE_OR"", ""courses"": [""CS 2800"", ""LING 3302"", ""LING 3303""], ""raw_text"": ""Prerequisite: CS 2800  or LING 3302  or LING 3303, or permission of instructor."", ""metadata"": {""has_permission_clause"": true, ""has_equivalent_clause"": false, ""is_recommended"": false}}",0.7000000000000001,4,4
FA14-CS-4780-1,CS,4780,FA14,Machine Learning,"Prerequisite:  CS 2110/ENGRD 2110  or CS 2112/ENGRD 2112  and CS 2800, or basic probability theory, and basic knowledge of linear algebra.","{""type"": ""PREREQUISITE_OR"", ""courses"": [""CS 2110"", ""ENGRD 2110"", ""CS 2112"", ""ENGRD 2112"", ""CS 2800""], ""raw_text"": ""Prerequisite:\u00a0 CS 2110/ENGRD 2110  or CS 2112/ENGRD 2112  and CS 2800, or basic probability theory, and basic knowledge of linear algebra."", ""metadata"": {""has_permission_clause"": false, ""has_equivalent_clause"": false, ""is_recommended"": false}}",1.0,4,4
FA14-CS-4999-1,CS,4999,FA14,Independent Reading and Research,,,0.0,1,4
FA14-CS-5091-1,CS,5091,FA14,Conversations in the Studio,,,0.0,1,1
FA14-CS-5092-1,CS,5092,FA14,Entrepreneurial Lens,,,0.0,1,1
FA14-CS-5110-1,CS,5110,FA14,Programming Languages and Logics,Prerequisite: CS 3110 or permission of instructor.,"{""type"": ""PREREQUISITE"", ""courses"": [""CS 3110""], ""raw_text"": ""Prerequisite: CS 3110\u00a0or permission of instructor."", ""metadata"": {""has_permission_clause"": true, ""has_equivalent_clause"": false, ""is_recommended"": false}}",0.7000000000000001,4,4
FA14-CS-5150-1,CS,5150,FA14,Software Engineering,Prerequisite: CS 2110 or equivalent experience programming in Java or C++.,"{""type"": ""PREREQUISITE"", ""courses"": [""CS 2110""], ""raw_text"": ""Prerequisite: CS 2110 or equivalent experience programming in Java or C++."", ""metadata"": {""has_permission_clause"": false, ""has_equivalent_clause"": true, ""is_recommended"": false}}",0.7000000000000001,4,4
FA14-CS-5191-1,CS,5191,FA14,Studio,,,0.0,1,1
FA14-CS-5320-1,CS,5320,FA14,Introduction to Database Systems,Prequisites:  CS 2110 or CS 2800 and permission of instructor.,"{""type"": ""OR_GROUP"", ""courses"": [""CS 2110"", ""CS 2800""], ""raw_text"": ""Prequisites:\u00a0 CS 2110\u00a0or CS 2800\u00a0and permission of instructor."", ""metadata"": {""has_permission_clause"": true, ""has_equivalent_clause"": false, ""is_recommended"": false}}",0.6000000000000001,3,3
FA14-CS-5321-1,CS,5321,FA14,Practicum in Database Systems,Prerequisite or corequisite: CS 5320.,"{""type"": ""COREQUISITE"", ""courses"": [""CS 5320""], ""raw_text"": ""Prerequisite or corequisite: CS 5320."", ""metadata"": {""has_permission_clause"": false, ""has_equivalent_clause"": false, ""is_recommended"": false}}",1.0,2,2
FA14-CS-5356-1,CS,5356,FA14,Building Startup Systems,Prerequisite: CS 2110 or CS 2112.,"{""type"": ""PREREQUISITE_OR"", ""courses"": [""CS 2110"", ""CS 2112""], ""raw_text"": ""Prerequisite: CS 2110\u00a0or CS 2112."", ""metadata"": {""has_permission_clause"": false, ""has_equivalent_clause"": false, ""is_recommended"": false}}",1.0,3,3
FA14-CS-5413-1,CS,5413,FA14,High Performance Systems and Networking,"Prerequisites: CS 4410 and CS 4411, or equivalent.","{""type"": ""PREREQUISITE_OR"", ""courses"": [""CS 4410"", ""CS 4411""], ""raw_text"": ""Prerequisites: CS 4410\u00a0and CS 4411, or equivalent."", ""metadata"": {""has_permission_clause"": false, ""has_equivalent_clause"": true, ""is_recommended"": false}}",0.6000000000000001,4,4
FA14-CS-5420-2,CS,5420,FA14,Advanced Computer Architecture,Prerequisite: ECE 4750 or CS 4420.,"{""type"": ""PREREQUISITE_OR"", ""courses"": [""ECE 4750"", ""CS 4420""], ""raw_text"": ""Prerequisite: ECE 4750 or CS 4420."", ""metadata"": {""has_permission_clause"": false, ""has_equivalent_clause"": false, ""is_recommended"": false}}",1.0,4,4
FA14-CS-5434-1,CS,5434,FA14,Defending Computer Networks,"Prerequisite: CS 2022 or equivalent, CS 3410 or equivalent, CS 4410 or equivalent.","{""type"": ""PREREQUISITE_OR"", ""courses"": [""CS 2022"", ""CS 3410"", ""CS 4410""], ""raw_text"": ""Prerequisite: CS 2022\u00a0or equivalent, CS 3410\u00a0or equivalent, CS 4410\u00a0or equivalent."", ""metadata"": {""has_permission_clause"": false, ""has_equivalent_clause"": true, ""is_recommended"": false}}",0.7000000000000001,4,4
FA14-CS-5435-1,CS,5435,FA14,Security and Privacy Concepts in the Wild,Prerequisite: CS 2800 or CS 4820 or permission of instructor.,"{""type"": ""PREREQUISITE_OR"", ""courses"": [""CS 2800"", ""CS 4820""], ""raw_text"": ""Prerequisite: CS 2800\u00a0or CS 4820\u00a0or permission of instructor."", ""metadata"": {""has_permission_clause"": true, ""has_equivalent_clause"": false, ""is_recommended"": false}}",0.7000000000000001,4,4
FA14-CS-5454-1,CS,5454,FA14,Mobile and Ubiquitous Computing,Prerequisite: CS 4410 or permission of instructor.,"{""type"": ""PREREQUISITE"", ""courses"": [""CS 4410""], ""raw_text"": ""Prerequisite: CS 4410\u00a0or permission of instructor."", ""metadata"": {""has_permission_clause"": true, ""has_equivalent_clause"": false, ""is_recommended"": false}}",0.7000000000000001,4,4
FA14-CS-5620-1,CS,5620,FA14,Introduction to Computer Graphics,Prequisites: CS 2110.,"{""type"": ""MANDATORY"", ""courses"": [""CS 2110""], ""raw_text"": ""Prequisites: CS 2110."", ""metadata"": {""has_permission_clause"": false, ""has_equivalent_clause"": false, ""is_recommended"": false}}",0.9,3,3
FA14-CS-5621-1,CS,5621,FA14,Computer Graphics Practicum,Prerequisite or corequisite: CS 5620.,"{""type"": ""COREQUISITE"", ""courses"": [""CS 5620""], ""raw_text"": ""Prerequisite or corequisite: CS 5620."", ""metadata"": {""has_permission_clause"": false, ""has_equivalent_clause"": false, ""is_recommended"": false}}",1.0,2,2
FA14-CS-5660-1,CS,5660,FA14,Signal Processing,"Prerequisite: Some familiarity with linear algebra and statistics (at the level taught in a freshman course), or permission of instructor.",,0.0,3,3
FA14-CS-5722-3,CS,5722,FA14,Heuristic Methods for Optimization,"Prerequisites: CS 2110/ENGRD 2110; CEE 3200/ENGRD 3200, or graduate standing, or permission of instructor.","{""type"": ""PREREQUISITE_OR"", ""courses"": [""CS 2110"", ""ENGRD 2110"", ""CEE 3200"", ""ENGRD 3200""], ""raw_text"": ""Prerequisites: CS 2110/ENGRD 2110; CEE 3200/ENGRD 3200, or graduate standing, or permission of instructor."", ""metadata"": {""has_permission_clause"": true, ""has_equivalent_clause"": false, ""is_recommended"": false}}",0.6000000000000001,3,4
FA14-CS-5724-1,CS,5724,FA14,Evolutionary Computation,Prerequisite: CS 2110/ENGRD 2110.,"{""type"": ""PREREQUISITE"", ""courses"": [""CS 2110"", ""ENGRD 2110""], ""raw_text"": ""Prerequisite: CS 2110/ENGRD 2110."", ""metadata"": {""has_permission_clause"": false, ""has_equivalent_clause"": false, ""is_recommended"": false}}",1.0,4,4
FA14-CS-5780-1,CS,5780,FA14,Machine Learning,"Prequisite: CS 2110/ENGRD 2110 or CS 2112/CS 2112 and CS 2800, or basic probability theory, and basic knowledge of linear algebra.","{""type"": ""OR_GROUP"", ""courses"": [""CS 2110"", ""ENGRD 2110"", ""CS 2112"", ""CS 2800""], ""raw_text"": ""Prequisite: CS 2110/ENGRD 2110\u00a0or CS 2112/CS 2112\u00a0and CS 2800, or basic probability theory, and basic knowledge of linear algebra."", ""metadata"": {""has_permission_clause"": false, ""has_equivalent_clause"": false, ""is_recommended"": false}}",0.9,4,4
FA14-CS-5785-1,CS,5785,FA14,Modern Analytics,"Prerequisites: CS 2800 or the equivalent plus basic familiarity with Matlab or Python, or permission of the instructor.","{""type"": ""PREREQUISITE"", ""courses"": [""CS 2800""], ""raw_text"": ""Prerequisites: CS 2800\u00a0or the equivalent plus basic familiarity with Matlab or Python, or permission of the instructor."", ""metadata"": {""has_permission_clause"": true, ""has_equivalent_clause"": true, ""is_recommended"": false}}",0.6000000000000001,4,4
FA14-CS-5860-1,CS,5860,FA14,Introduction to Formal Methods,Prerequisites: CS 2110 or CS 3110 or equivalent and CS 2800 or equivalent.,"{""type"": ""PREREQUISITE_OR"", ""courses"": [""CS 2110"", ""CS 3110"", ""CS 2800""], ""raw_text"": ""Prerequisites: CS 2110\u00a0or CS 3110\u00a0or equivalent and CS 2800\u00a0or equivalent."", ""metadata"": {""has_permission_clause"": false, ""has_equivalent_clause"": true, ""is_recommended"": false}}",0.6000000000000001,4,4
FA14-CS-5998-1,CS,5998,FA14,Master of Engineering Internship,,,0.0,1,1
FA14-CS-5999-1,CS,5999,FA14,Master of Engineering Project,,,0.0,1,6
FA14-CS-6117-1,CS,6117,FA14,Category Theory for Computer Scientists,Prerequisite: CS 3110.,"{""type"": ""PREREQUISITE"", ""courses"": [""CS 3110""], ""raw_text"": ""Prerequisite: CS 3110."", ""metadata"": {""has_permission_clause"": false, ""has_equivalent_clause"": false, ""is_recommended"": false}}",1.0,4,4
FA14-CS-6410-1,CS,6410,FA14,Advanced Systems,Prerequisite: CS 4410 or permission of instructor.,"{""type"": ""PREREQUISITE"", ""courses"": [""CS 4410""], ""raw_text"": ""Prerequisite: CS 4410 or permission of instructor."", ""metadata"": {""has_permission_clause"": true, ""has_equivalent_clause"": false, ""is_recommended"": false}}",0.7000000000000001,4,4
FA14-CS-6431-1,CS,6431,FA14,Security and Privacy Technologies,,,0.0,4,4
FA14-CS-6644-1,CS,6644,FA14,Modeling the World,"Prerequisites: CS 4620/CS 5620 or CS 4670/CS 5670, or equivalent course and permission of instructor.","{""type"": ""PREREQUISITE_OR"", ""courses"": [""CS 4620"", ""CS 5620"", ""CS 4670"", ""CS 5670""], ""raw_text"": ""Prerequisites: CS 4620/CS 5620\u00a0or CS 4670/CS 5670, or equivalent course and permission of instructor."", ""metadata"": {""has_permission_clause"": true, ""has_equivalent_clause"": true, ""is_recommended"": false}}",0.6000000000000001,3,3
FA14-CS-6742-1,CS,6742,FA14,Natural Language Processing and Social Interaction,"Prerequisites: CS 2110 or equivalent programming experience, a course in artificial intelligence or any relevant subfield (e.g., NLP, information retrieval, machine learning).","{""type"": ""PREREQUISITE"", ""courses"": [""CS 2110""], ""raw_text"": ""Prerequisites: CS 2110 or equivalent programming experience, a course in artificial intelligence or any relevant subfield (e.g., NLP, information retrieval, machine learning)."", ""metadata"": {""has_permission_clause"": false, ""has_equivalent_clause"": true, ""is_recommended"": false}}",0.29999999999999993,3,3
FA14-CS-6751-1,CS,6751,FA14,Introduction to Robotic Mobile Manipulation,"Prerequisites: Graduate standing or a previous robotics course such as MAE 4180 or CS 4758. A background in mathematics is required, especially linear algebra and probability. A strong programming ability in C++ or Python is required.","{""type"": ""PREREQUISITE_OR"", ""courses"": [""MAE 4180"", ""CS 4758""], ""raw_text"": ""Prerequisites: Graduate standing or a previous robotics course such as MAE 4180\u00a0or CS 4758. A background in mathematics is required, especially linear algebra and probability. A strong programming ability in C++ or Python is required."", ""metadata"": {""has_permission_clause"": false, ""has_equivalent_clause"": false, ""is_recommended"": false}}",0.8,4,4
FA14-CS-6783-1,CS,6783,FA14,Machine Learning Theory,"Prerequisites: CS 4780/CS 5780 or CS 4786/CS 5786 or CS 6780 or equivalent, or permission of instructor.","{""type"": ""PREREQUISITE_OR"", ""courses"": [""CS 4780"", ""CS 5780"", ""CS 4786"", ""CS 5786"", ""CS 6780""], ""raw_text"": ""Prerequisites: CS 4780/CS 5780\u00a0or CS 4786/CS 5786\u00a0or CS 6780\u00a0or equivalent, or permission of instructor."", ""metadata"": {""has_permission_clause"": true, ""has_equivalent_clause"": true, ""is_recommended"": false}}",0.6000000000000001,4,4
FA14-CS-6788-2,CS,6788,FA14,Advanced Topic Modeling,,,0.0,3,3
FA14-CS-6820-1,CS,6820,FA14,Analysis of Algorithms,Prerequisite: CS 4820 or graduate standing.,"{""type"": ""PREREQUISITE"", ""courses"": [""CS 4820""], ""raw_text"": ""Prerequisite: CS 4820 or graduate standing."", ""metadata"": {""has_permission_clause"": false, ""has_equivalent_clause"": false, ""is_recommended"": false}}",1.0,4,4
FA14-CS-6825-1,CS,6825,FA14,The Science Base for the Information Age,,,0.0,4,4
FA14-CS-6830-1,CS,6830,FA14,Cryptography,"Prerequisites: General ease with algorithms and elementary probability theory, maturity with mathematical proofs (ability to read and write mathematical proofs).",,0.0,4,4
FA14-CS-7090-1,CS,7090,FA14,Computer Science Colloquium,,,0.0,1,1
FA14-CS-7190-1,CS,7190,FA14,Seminar in Programming Languages,Prerequisite: CS 6110 or permission of instructor.,"{""type"": ""PREREQUISITE"", ""courses"": [""CS 6110""], ""raw_text"": ""Prerequisite: CS 6110 or permission of instructor."", ""metadata"": {""has_permission_clause"": true, ""has_equivalent_clause"": false, ""is_recommended"": false}}",0.7000000000000001,1,1
FA14-CS-7192-1,CS,7192,FA14,Seminar in Programming Refinement Logics,,,0.0,1,1
FA14-CS-7290-1,CS,7290,FA14,Seminar on Scientific Computing and Numerics,,,0.0,1,1
FA14-CS-7490-1,CS,7490,FA14,Systems Research Seminar,,,0.0,1,1
FA14-CS-7594-1,CS,7594,FA14,Seminar on Computational Issues in Health and Medicine,,,0.0,1,1
FA14-CS-7670-1,CS,7670,FA14,Special Topics in Computer Vision,,,0.0,1,1
FA14-CS-7690-1,CS,7690,FA14,Computer Graphics Seminar,,,0.0,1,1
FA14-CS-7790-1,CS,7790,FA14,Seminar in Artificial Intelligence,,,0.0,1,1
FA14-CS-7794-1,CS,7794,FA14,Seminar in Natural Language Understanding,,,0.0,1,1
FA14-CS-7890-1,CS,7890,FA14,Seminar in Theory of Algorithms and Computing,,,0.0,1,1
FA14-CS-7893-1,CS,7893,FA14,Cryptography Seminar,,,0.0,1,1
FA14-CS-7999-1,CS,7999,FA14,Independent Research,,,0.0,1,15
FA14-CS-9999-1,CS,9999,FA14,Thesis Research,,,0.0,1,15
FA14-ENGRD-2020-1,ENGRD,2020,FA14,Statics and Mechanics of Solids,Prerequisite: PHYS 1112. Corequisite: MATH 1920 or permission of instructor.,"{""type"": ""COREQUISITE"", ""courses"": [""PHYS 1112"", ""MATH 1920""], ""raw_text"": ""Prerequisite: PHYS 1112. Corequisite: MATH 1920\u00a0or permission of instructor."", ""metadata"": {""has_permission_clause"": true, ""has_equivalent_clause"": false, ""is_recommended"": false}}",0.7000000000000001,4,4
FA14-ENGRD-2100-1,ENGRD,2100,FA14,Introduction to Circuits for Electrical and Computer Engineers,Corequisites: MATH 2930 and PHYS 2213.,"{""type"": ""COREQUISITE"", ""courses"": [""MATH 2930"", ""PHYS 2213""], ""raw_text"": ""Corequisites: MATH 2930\u00a0and PHYS 2213."", ""metadata"": {""has_permission_clause"": false, ""has_equivalent_clause"": false, ""is_recommended"": false}}",0.9,4,4
FA14-ENGRD-2110-2,ENGRD,2110,FA14,Object-Oriented Programming and Data Structures,Prerequisite: CS 1110 or CS 1130 or equivalent course in Java or C++.,"{""type"": ""PREREQUISITE_OR"", ""courses"": [""CS 1110"", ""CS 1130""], ""raw_text"": ""Prerequisite: CS 1110\u00a0or CS 1130\u00a0or equivalent course in Java or C++."", ""metadata"": {""has_permission_clause"": false, ""has_equivalent_clause"": true, ""is_recommended"": false}}",0.7000000000000001,3,3
FA14-ENGRD-2112-2,ENGRD,2112,FA14,Object-Oriented Design and Data Structures - Honors,"Prerequisite: CS 1110 or CS 1130 or equivalent course in Java or C++, or permission of the instructor. ","{""type"": ""PREREQUISITE_OR"", ""courses"": [""CS 1110"", ""CS 1130""], ""raw_text"": ""Prerequisite: CS 1110\u00a0or CS 1130\u00a0or equivalent course in Java or C++, or permission of the instructor."", ""metadata"": {""has_permission_clause"": true, ""has_equivalent_clause"": true, ""is_recommended"": false}}",0.7000000000000001,4,4
FA14-ENGRD-2190-1,ENGRD,2190,FA14,Mass and Energy Balances,,,0.0,3,3
FA14-ENGRD-2210-1,ENGRD,2210,FA14,Thermodynamics,"Prerequisite: MATH 1920, PHYS 1112.","{""type"": ""PREREQUISITE"", ""courses"": [""MATH 1920"", ""PHYS 1112""], ""raw_text"": ""Prerequisite: MATH 1920, PHYS 1112."", ""metadata"": {""has_permission_clause"": false, ""has_equivalent_clause"": false, ""is_recommended"": false}}",1.0,3,3
FA14-ENGRD-2300-1,ENGRD,2300,FA14,Digital Logic and Computer Organization,Prerequisite: CS 1110 or CS 1112.,"{""type"": ""PREREQUISITE_OR"", ""courses"": [""CS 1110"", ""CS 1112""], ""raw_text"": ""Prerequisite: CS 1110\u00a0or CS 1112."", ""metadata"": {""has_permission_clause"": false, ""has_equivalent_clause"": false, ""is_recommended"": false}}",1.0,4,4
FA14-ENGRD-2510-2,ENGRD,2510,FA14,Engineering for a Sustainable Society,"Prerequisite: CHEM 2070, CHEM 2090 or AP Chem. Pre or corequisite: MATH 2930.","{""type"": ""COREQUISITE"", ""courses"": [""CHEM 2070"", ""CHEM 2090"", ""MATH 2930""], ""raw_text"": ""Prerequisite:\u00a0CHEM 2070,\u00a0CHEM 2090\u00a0or AP Chem. Pre or corequisite: MATH 2930."", ""metadata"": {""has_permission_clause"": false, ""has_equivalent_clause"": false, ""is_recommended"": false}}",1.0,3,3
FA14-ENGRD-2600-2,ENGRD,2600,FA14,Principles of Biological Engineering,"Prerequisite or corequisite: MATH 2930, two semesters of core biology major classes and the investigative lab or BIOG 1445.","{""type"": ""COREQUISITE"", ""courses"": [""MATH 2930"", ""BIOG 1445""], ""raw_text"": ""Prerequisite or corequisite: MATH 2930, two semesters of core biology major classes and the investigative lab or\u00a0BIOG 1445."", ""metadata"": {""has_permission_clause"": false, ""has_equivalent_clause"": false, ""is_recommended"": false}}",1.0,3,3
FA14-ENGRD-2610-2,ENGRD,2610,FA14,Mechanical Properties of Materials: From Nanodevices to Superstructures,Prerequisite: MATH 1910. Corequisite: PHYS 1112 or permission of instructor.,"{""type"": ""COREQUISITE"", ""courses"": [""MATH 1910"", ""PHYS 1112""], ""raw_text"": ""Prerequisite: MATH 1910. Corequisite: PHYS 1112\u00a0or permission of instructor."", ""metadata"": {""has_permission_clause"": true, ""has_equivalent_clause"": false, ""is_recommended"": false}}",0.7000000000000001,3,3
FA14-ENGRD-2640-2,ENGRD,2640,FA14,Interfacing the Digital Domain with an Analog World,Prerequisite: CS 1112.,"{""type"": ""PREREQUISITE"", ""courses"": [""CS 1112""], ""raw_text"": ""Prerequisite: CS 1112."", ""metadata"": {""has_permission_clause"": false, ""has_equivalent_clause"": false, ""is_recommended"": false}}",1.0,3,3
FA14-ENGRD-2700-1,ENGRD,2700,FA14,Basic Engineering Probability and Statistics,Prerequisite: MATH 1910 and MATH 1920. Prerequisite or corequisite: MATH 2940.,"{""type"": ""COREQUISITE"", ""courses"": [""MATH 1910"", ""MATH 1920"", ""MATH 2940""], ""raw_text"": ""Prerequisite: MATH 1910\u00a0and MATH 1920. Prerequisite or corequisite: MATH 2940."", ""metadata"": {""has_permission_clause"": false, ""has_equivalent_clause"": false, ""is_recommended"": false}}",1.0,3,3
FA14-ENGRD-3100-2,ENGRD,3100,FA14,Introduction to Probability and Inference for Random Signals and Systems,"Prerequisite: MATH 2940, PHYS 2213, or equivalents.","{""type"": ""PREREQUISITE_OR"", ""courses"": [""MATH 2940"", ""PHYS 2213""], ""raw_text"": ""Prerequisite: MATH 2940, PHYS 2213, or equivalents."", ""metadata"": {""has_permission_clause"": false, ""has_equivalent_clause"": true, ""is_recommended"": false}}",0.7000000000000001,4,4
FA14-ENGRI-1100-2,ENGRI,1100,FA14,Lasers and Photonics,,,0.0,3,3
FA14-ENGRI-1101-1,ENGRI,1101,FA14,Engineering Applications of Operations Research,,,0.0,3,3
FA14-ENGRI-1110-1,ENGRI,1110,FA14,Nanotechnology for Global Health and a Sustainable World,,,0.0,3,3
FA14-ENGRI-1120-1,ENGRI,1120,FA14,Introduction to Chemical Engineering,,,0.0,3,3
FA14-ENGRI-1160-2,ENGRI,1160,FA14,Modern Structures,,,0.0,3,3
FA14-ENGRI-1170-1,ENGRI,1170,FA14,Introduction to Mechanical Engineering,,,0.0,3,3
FA14-ENGRI-1190-1,ENGRI,1190,FA14,Biomaterials for the Skeletal System,,,0.0,3,3
FA14-ENGRI-1200-1,ENGRI,1200,FA14,Introduction to Nanoscience and Nanoengineering,,,0.0,3,3
FA14-ENGRI-1610-3,ENGRI,1610,FA14,Computing in the Arts,,,0.0,3,3
FA14-ENGRI-1620-4,ENGRI,1620,FA14,Visual Imaging in the Electronic Age,,,0.0,4,4
FA14-ENGRI-1820-1,ENGRI,1820,FA14,Electricity Lights Camera Action: Nanoengineering for the Future of Bits and Bytes,,,0.0,4,4
FA14-HIST-1102-1,HIST,1102,FA14,"FWS: All Over the Map: Cartography in the Making of Boundaries, Places, and Histories",,,0.0,3,3
FA14-HIST-1105-1,HIST,1105,FA14,FWS: Centuries of Bloodshed? Violence in the Middle Ages,,,0.0,3,3
FA14-HIST-1106-1,HIST,1106,FA14,FWS: The Prize and the Peril: African Nations at Fifty,,,0.0,3,3
FA14-HIST-1107-1,HIST,1107,FA14,FWS: Revolution & Renewal: China's Modern Transformation,,,0.0,3,3
FA14-HIST-1213-1,HIST,1213,FA14,FWS: State Surveillance in History,,,0.0,3,3
FA14-HIST-1250-1,HIST,1250,FA14,FWS: Conceived in Liberty: The Coming of Civil War and Black Emancipation,,,0.0,3,3
FA14-HIST-1321-1,HIST,1321,FA14,FWS: Post-World War II America: Crisis and Continuity,,,0.0,3,3
FA14-HIST-1451-1,HIST,1451,FA14,FWS: Rewriting Africa and World War II,,,0.0,3,3
FA14-HIST-1510-1,HIST,1510,FA14,Introduction to Western Civilization I,,,0.0,4,4
FA14-HIST-1581-1,HIST,1581,FA14,America at War to 1898,,,0.0,4,4
FA14-HIST-1590-1,HIST,1590,FA14,History and Popular Culture,,,0.0,4,4
FA14-HIST-1620-2,HIST,1620,FA14,Histories of the Future,,,0.0,4,4
FA14-HIST-1630-1,HIST,1630,FA14,The International Laws of War,,,0.0,4,4
FA14-HIST-1700-1,HIST,1700,FA14,"History of Exploration: Land, Sea, and Space",,,0.0,4,4
FA14-HIST-1910-1,HIST,1910,FA14,Introduction to Modern Asian History,,,0.0,4,4
FA14-HIST-1941-1,HIST,1941,FA14,The History of Science in Europe: From the Ancient Legacy to Isaac Newton,,,0.0,4,4
FA14-HIST-1950-1,HIST,1950,FA14,The Invention of the Americas,,,0.0,4,4
FA14-HIST-1970-1,HIST,1970,FA14,History of the Caribbean: From Conquest to Revolution,,,0.0,4,4
FA14-HIST-2001-1,HIST,2001,FA14,Supervised Reading - Undergraduate,,,0.0,2,2
FA14-HIST-2003-1,HIST,2003,FA14,Becker House Cafe,,,0.0,1,1
FA14-HIST-2004-1,HIST,2004,FA14,Becker House in Service,,,0.0,1,2
FA14-HIST-2022-1,HIST,2022,FA14,The Global 1960's,,,0.0,4,4
FA14-HIST-2122-1,HIST,2122,FA14,Darwin and the Making of Histories,,,0.0,4,4
FA14-HIST-2163-1,HIST,2163,FA14,History of the United Nations,,,0.0,4,4
FA14-HIST-2220-1,HIST,2220,FA14,From the New Deal to the Age of Reagan,,,0.0,4,4
FA14-HIST-2295-1,HIST,2295,FA14,"Race, Class and Gender at Cornell University",,,0.0,1,1
FA14-HIST-2500-2,HIST,2500,FA14,Technology in Society,,,0.0,3,3
FA14-HIST-2501-3,HIST,2501,FA14,Creating Contemporary Cornell,,,0.0,4,4
FA14-HIST-2640-1,HIST,2640,FA14,Introduction to Asian American History,,,0.0,4,4
FA14-HIST-2650-1,HIST,2650,FA14,Ancient Greece from Homer to Alexander the Great,,,0.0,4,4
FA14-HIST-2674-4,HIST,2674,FA14,History of the Modern Middle East: Nineteenth to Twentieth Centuries,,,0.0,3,3
FA14-HIST-2710-2,HIST,2710,FA14,Introduction to the History of Medicine,,,0.0,4,4
FA14-HIST-2711-1,HIST,2711,FA14,Politics of Violence in Twentieth Century Europe,,,0.0,4,4
FA14-HIST-2760-1,HIST,2760,FA14,The British Empire,,,0.0,4,4
FA14-HIST-2860-1,HIST,2860,FA14,The French Revolution,,,0.0,4,4
FA14-HIST-2890-2,HIST,2890,FA14,The Vietnamese Wars: 1945-1990,,,0.0,4,4
FA14-HIST-2986-1,HIST,2986,FA14,Democracy and Discourse in Twentieth Century China,,,0.0,4,4
FA14-HIST-3002-1,HIST,3002,FA14,Supervised Research - Undergraduate,,,0.0,2,4
FA14-HIST-3140-1,HIST,3140,FA14,U.S. in the World,,,0.0,4,4
FA14-HIST-3160-3,HIST,3160,FA14,American Political Thought from Madison to Malcolm X,,,0.0,4,4
FA14-HIST-3343-1,HIST,3343,FA14,The History of the Present,,,0.0,4,4
FA14-HIST-3450-1,HIST,3450,FA14,Cultural and Intellectual Life of Nineteenth Century Americans,,,0.0,4,4
FA14-HIST-3470-1,HIST,3470,FA14,Asian American Women's History,,,0.0,4,4
FA14-HIST-3700-1,HIST,3700,FA14,History of the Holocaust,,,0.0,4,4
FA14-HIST-3710-1,HIST,3710,FA14,World War II in Europe,,,0.0,4,4
FA14-HIST-3800-1,HIST,3800,FA14,Latinos in U.S. History,,,0.0,4,4
FA14-HIST-3845-3,HIST,3845,FA14,"The Progressive Era: Work, Law, and Politics",,,0.0,4,4
FA14-HIST-4000-1,HIST,4000,FA14,Honors Proseminar,,,0.0,4,4
FA14-HIST-4001-1,HIST,4001,FA14,Honors Guidance,Prerequisite: HIST 4000.,"{""type"": ""PREREQUISITE"", ""courses"": [""HIST 4000""], ""raw_text"": ""Prerequisite: HIST 4000."", ""metadata"": {""has_permission_clause"": false, ""has_equivalent_clause"": false, ""is_recommended"": false}}",1.0,4,4
FA14-HIST-4030-1,HIST,4030,FA14,History of the United States Senate,,,0.0,4,4
FA14-HIST-4221-1,HIST,4221,FA14,"The British in India, 1750-1830",,,0.0,4,4
FA14-HIST-4233-2,HIST,4233,FA14,The Holocaust in Postwar Culture (1945-1961),,,0.0,4,4
FA14-HIST-4234-2,HIST,4234,FA14,Melancholy Left:Marx to Benjamin,,,0.0,4,4
FA14-HIST-4390-1,HIST,4390,FA14,Reconstruction and the New South,,,0.0,4,4
FA14-HIST-4642-3,HIST,4642,FA14,Women in the Modern Middle East,,,0.0,4,4
FA14-HIST-4701-1,HIST,4701,FA14,Africa in the African American Mind,,,0.0,4,4
FA14-HIST-4751-2,HIST,4751,FA14,"Science, Race, and Colonialism",,,0.0,4,4
FA14-HIST-4825-2,HIST,4825,FA14,Change in Late Antiquity,,,0.0,4,4
FA14-HIST-4851-1,HIST,4851,FA14,Refugees,,,0.0,4,4
FA14-HIST-4910-1,HIST,4910,FA14,Approaches to Medieval Violence,,,0.0,4,4
FA14-HIST-4945-1,HIST,4945,FA14,The Birth of the Prison in Eighteenth Century Europe and America,,,0.0,4,4
FA14-HIST-4963-1,HIST,4963,FA14,China's Early Modern,,,0.0,4,4
FA14-HIST-6005-1,HIST,6005,FA14,Graduate History Colloquium,,,0.0,4,4
FA14-HIST-6233-2,HIST,6233,FA14,The Holocaust in Postwar Culture (1945-1961),,,0.0,4,4
FA14-HIST-6234-2,HIST,6234,FA14,Melancholy Left: Marx to Benjamin,,,0.0,4,4
FA14-HIST-6332-1,HIST,6332,FA14,Seminar in Digital Humanities,,,0.0,4,4
FA14-HIST-6391-1,HIST,6391,FA14,Reconstruction and the New South,,,0.0,4,4
FA14-HIST-6482-1,HIST,6482,FA14,History/Geography/Theory,,,0.0,4,4
FA14-HIST-6625-1,HIST,6625,FA14,"Race, Slavery, and Revolution: France and the Caribbean Colonies",,,0.0,4,4
FA14-HIST-6640-1,HIST,6640,FA14,Approaches to Modern Chinese History,,,0.0,4,4
FA14-HIST-6825-2,HIST,6825,FA14,Change in Late Antiquity,,,0.0,4,4
FA14-HIST-6920-1,HIST,6920,FA14,Approaches to Medieval Violence,,,0.0,4,4
FA14-HIST-6945-1,HIST,6945,FA14,The Birth of the Prison in Eighteenth Century Europe and America,,,0.0,4,4
FA14-HIST-6963-1,HIST,6963,FA14,China's Early Modern,,,0.0,4,4
FA14-HIST-7000-2,HIST,7000,FA14,Special Topic 3: Issues in the Cultural History of Technology,,,0.0,4,4
FA14-HIST-7090-1,HIST,7090,FA14,Introduction to the Graduate Study of History,,,0.0,4,4
FA14-HIST-8004-1,HIST,8004,FA14,Supervised Reading,,,0.0,2,4
FA14-MATH-1011-1,MATH,1011,FA14,Academic Support for MATH 1110,,,0.0,1,1
FA14-MATH-1012-1,MATH,1012,FA14,Academic Support for MATH 1120,,,0.0,1,1
FA14-MATH-1101-1,MATH,1101,FA14,Calculus Preparation,,,0.0,1,1
FA14-MATH-1102-1,MATH,1102,FA14,Introduction to Statistical Methods,,,0.0,1,1
FA14-MATH-1105-1,MATH,1105,FA14,Finite Mathematics for the Life and Social Sciences,"Prerequisite: three years of high school mathematics, including trigonometry and logarithms, or knowledge of topics in MATH 1102.","{""type"": ""PREREQUISITE"", ""courses"": [""MATH 1102""], ""raw_text"": ""Prerequisite: three years of high school mathematics, including trigonometry and logarithms, or knowledge of topics in MATH 1102."", ""metadata"": {""has_permission_clause"": false, ""has_equivalent_clause"": false, ""is_recommended"": false}}",0.9,3,3
FA14-MATH-1110-1,MATH,1110,FA14,Calculus I,"Prerequisite: three years of high school mathematics (including trigonometry and logarithms) or a precalculus course (e.g., MATH 1101).","{""type"": ""PREREQUISITE"", ""courses"": [""MATH 1101""], ""raw_text"": ""Prerequisite: three years of high school mathematics (including trigonometry and logarithms) or a precalculus course (e.g., MATH 1101)."", ""metadata"": {""has_permission_clause"": false, ""has_equivalent_clause"": false, ""is_recommended"": false}}",0.7,4,4
FA14-MATH-1120-1,MATH,1120,FA14,Calculus II,"Prerequisite: MATH 1110 with a grade of C or better, excellent performance in MATH 1106, or equivalent AP credit.","{""type"": ""PREREQUISITE_OR"", ""courses"": [""MATH 1110"", ""MATH 1106""], ""raw_text"": ""Prerequisite: MATH 1110\u00a0with a grade of C or better, excellent performance in MATH 1106, or equivalent AP credit."", ""metadata"": {""has_permission_clause"": false, ""has_equivalent_clause"": true, ""is_recommended"": false}}",0.7000000000000001,4,4
FA14-MATH-1220-1,MATH,1220,FA14,Honors Calculus II,"Prerequisite: one semester of calculus with high performance, equivalent AP credit, or permission of department.",,0.0,4,4
FA14-MATH-1300-1,MATH,1300,FA14,Mathematical Explorations,,,0.0,3,3
FA14-MATH-1710-1,MATH,1710,FA14,Statistical Theory and Application in the Real World,Prerequisite: high school mathematics. No previous familiarity with computers presumed.,,0.0,4,4
FA14-MATH-1910-1,MATH,1910,FA14,Calculus for Engineers,"Prerequisite: three years high school mathematics, including trigonometry and logarithms, and at least one course in differential and integral calculus.",,0.0,4,4
FA14-MATH-1920-1,MATH,1920,FA14,Multivariable Calculus for Engineers,Prerequisite: MATH 1910 or equivalent AP credit.,"{""type"": ""PREREQUISITE"", ""courses"": [""MATH 1910""], ""raw_text"": ""Prerequisite: MATH 1910\u00a0or equivalent AP credit."", ""metadata"": {""has_permission_clause"": false, ""has_equivalent_clause"": true, ""is_recommended"": false}}",0.7000000000000001,4,4
FA14-MATH-2210-1,MATH,2210,FA14,Linear Algebra,"Prerequisite: two semesters of calculus with high performance, equivalent AP credit, or permission of department.",,0.0,4,4
FA14-MATH-2220-1,MATH,2220,FA14,Multivariable Calculus,Prerequisite: MATH 2210.,"{""type"": ""PREREQUISITE"", ""courses"": [""MATH 2210""], ""raw_text"": ""Prerequisite: MATH 2210."", ""metadata"": {""has_permission_clause"": false, ""has_equivalent_clause"": false, ""is_recommended"": false}}",1.0,4,4
FA14-MATH-2230-1,MATH,2230,FA14,Theoretical Linear Algebra and Calculus,"Prerequisite: two semesters of calculus with a grade of A- or better, equivalent AP credit, or permission of instructor.",,0.0,4,4
FA14-MATH-2310-1,MATH,2310,FA14,Linear Algebra with Applications,Prerequisite: MATH 1110 or equivalent AP credit.,"{""type"": ""PREREQUISITE"", ""courses"": [""MATH 1110""], ""raw_text"": ""Prerequisite: MATH 1110\u00a0or equivalent AP credit."", ""metadata"": {""has_permission_clause"": false, ""has_equivalent_clause"": true, ""is_recommended"": false}}",0.7000000000000001,3,3
FA14-MATH-2930-1,MATH,2930,FA14,Differential Equations for Engineers,Prerequisite: MATH 1920.,"{""type"": ""PREREQUISITE"", ""courses"": [""MATH 1920""], ""raw_text"": ""Prerequisite: MATH 1920."", ""metadata"": {""has_permission_clause"": false, ""has_equivalent_clause"": false, ""is_recommended"": false}}",1.0,4,4
FA14-MATH-2940-1,MATH,2940,FA14,Linear Algebra for Engineers,Prerequisite: MATH 1920.,"{""type"": ""PREREQUISITE"", ""courses"": [""MATH 1920""], ""raw_text"": ""Prerequisite: MATH 1920."", ""metadata"": {""has_permission_clause"": false, ""has_equivalent_clause"": false, ""is_recommended"": false}}",1.0,4,4
FA14-MATH-3110-1,MATH,3110,FA14,Introduction to Analysis,"Prerequisites: MATH 2210-MATH 2220, MATH 2230-MATH 2240, or MATH 1920 and MATH 2940.","{""type"": ""PREREQUISITE_OR"", ""courses"": [""MATH 2210"", ""MATH 2220"", ""MATH 2230"", ""MATH 2240"", ""MATH 1920"", ""MATH 2940""], ""raw_text"": ""Prerequisites: MATH 2210-MATH 2220, MATH 2230-MATH 2240, or MATH 1920\u00a0and MATH 2940."", ""metadata"": {""has_permission_clause"": false, ""has_equivalent_clause"": false, ""is_recommended"": false}}",0.9,4,4
FA14-MATH-3210-1,MATH,3210,FA14,Manifolds and Differential Forms,"Prerequisites: multivariable calculus and linear algebra (e.g., MATH 2210-MATH 2220, MATH 2230-MATH 2240, or MATH 1920 and MATH 2940).","{""type"": ""PREREQUISITE_OR"", ""courses"": [""MATH 2210"", ""MATH 2220"", ""MATH 2230"", ""MATH 2240"", ""MATH 1920"", ""MATH 2940""], ""raw_text"": ""Prerequisites: multivariable calculus and linear algebra (e.g., MATH 2210-MATH 2220, MATH 2230-MATH 2240, or MATH 1920\u00a0and MATH 2940)."", ""metadata"": {""has_permission_clause"": false, ""has_equivalent_clause"": false, ""is_recommended"": false}}",0.7,4,4
FA14-MATH-3230-1,MATH,3230,FA14,Introduction to Differential Equations,"Prerequisites: multivariable calculus and linear algebra (e.g., MATH 2210-MATH 2220, MATH 2230-MATH 2240, or MATH 1920 and MATH 2940), or permission of instructor.","{""type"": ""PREREQUISITE_OR"", ""courses"": [""MATH 2210"", ""MATH 2220"", ""MATH 2230"", ""MATH 2240"", ""MATH 1920"", ""MATH 2940""], ""raw_text"": ""Prerequisites: multivariable calculus and linear algebra (e.g., MATH 2210-MATH 2220, MATH 2230-MATH 2240, or MATH 1920\u00a0and MATH 2940), or permission of instructor."", ""metadata"": {""has_permission_clause"": true, ""has_equivalent_clause"": false, ""is_recommended"": false}}",0.29999999999999993,4,4
FA14-MATH-3320-1,MATH,3320,FA14,Introduction to Number Theory,"Prerequisite: MATH 2210, MATH 2230, MATH 2310, or MATH 2940.","{""type"": ""PREREQUISITE_OR"", ""courses"": [""MATH 2210"", ""MATH 2230"", ""MATH 2310"", ""MATH 2940""], ""raw_text"": ""Prerequisite: MATH 2210, MATH 2230, MATH 2310, or MATH 2940."", ""metadata"": {""has_permission_clause"": false, ""has_equivalent_clause"": false, ""is_recommended"": false}}",1.0,4,4
FA14-MATH-3560-1,MATH,3560,FA14,Groups and Geometry,"Prerequisite: MATH 2210, MATH 2230, MATH 2310, or MATH 2940. Prior knowledge of group theory is not a prerequisite.","{""type"": ""PREREQUISITE_OR"", ""courses"": [""MATH 2210"", ""MATH 2230"", ""MATH 2310"", ""MATH 2940""], ""raw_text"": ""Prerequisite: MATH 2210, MATH 2230, MATH 2310, or MATH 2940. Prior knowledge of group theory is not a prerequisite."", ""metadata"": {""has_permission_clause"": false, ""has_equivalent_clause"": false, ""is_recommended"": false}}",1.0,4,4
FA14-MATH-4130-1,MATH,4130,FA14,Honors Introduction to Analysis I,"Prerequisite: high level of performance in MATH 2210-MATH 2220, MATH 2230-MATH 2240, or MATH 1920 and MATH 2940 and familiarity with proofs.","{""type"": ""PREREQUISITE_OR"", ""courses"": [""MATH 2210"", ""MATH 2220"", ""MATH 2230"", ""MATH 2240"", ""MATH 1920"", ""MATH 2940""], ""raw_text"": ""Prerequisite: high level of performance in MATH 2210-MATH 2220, MATH 2230-MATH 2240, or MATH 1920\u00a0and MATH 2940\u00a0and familiarity with proofs."", ""metadata"": {""has_permission_clause"": false, ""has_equivalent_clause"": false, ""is_recommended"": false}}",0.9,4,4
FA14-MATH-4180-1,MATH,4180,FA14,Complex Analysis,"Prerequisite: MATH 2230-MATH 2240, MATH 3110, or MATH 4130 or permission of instructor.","{""type"": ""PREREQUISITE_OR"", ""courses"": [""MATH 2230"", ""MATH 2240"", ""MATH 3110"", ""MATH 4130""], ""raw_text"": ""Prerequisite: MATH 2230-MATH 2240, MATH 3110, or MATH 4130\u00a0or permission of instructor."", ""metadata"": {""has_permission_clause"": true, ""has_equivalent_clause"": false, ""is_recommended"": false}}",0.7000000000000001,4,4
FA14-MATH-4200-1,MATH,4200,FA14,Differential Equations and Dynamical Systems,"Prerequisite: high level of performance in MATH 2210-MATH 2220, MATH 2230-MATH 2240, MATH 1920 and MATH 2940, or permission of instructor.","{""type"": ""PREREQUISITE_OR"", ""courses"": [""MATH 2210"", ""MATH 2220"", ""MATH 2230"", ""MATH 2240"", ""MATH 1920"", ""MATH 2940""], ""raw_text"": ""Prerequisite: high level of performance in MATH 2210-MATH 2220, MATH 2230-MATH 2240, MATH 1920\u00a0and MATH 2940, or permission of instructor."", ""metadata"": {""has_permission_clause"": true, ""has_equivalent_clause"": false, ""is_recommended"": false}}",0.6000000000000001,4,4
FA14-MATH-4250-1,MATH,4250,FA14,Numerical Analysis and Differential Equations,"Prerequisite: MATH 2210 or MATH 2940 or equivalent, one additional mathematics course numbered 3000 or above, and knowledge of programming.","{""type"": ""PREREQUISITE_OR"", ""courses"": [""MATH 2210"", ""MATH 2940""], ""raw_text"": ""Prerequisite: MATH 2210\u00a0or MATH 2940\u00a0or equivalent, one additional mathematics course numbered 3000 or above, and knowledge of programming."", ""metadata"": {""has_permission_clause"": false, ""has_equivalent_clause"": true, ""is_recommended"": false}}",0.7000000000000001,4,4
FA14-MATH-4310-1,MATH,4310,FA14,Linear Algebra,"Prerequisite: MATH 2210, MATH 2230, MATH 2310, or MATH 2940.","{""type"": ""PREREQUISITE_OR"", ""courses"": [""MATH 2210"", ""MATH 2230"", ""MATH 2310"", ""MATH 2940""], ""raw_text"": ""Prerequisite: MATH 2210, MATH 2230, MATH 2310, or MATH 2940."", ""metadata"": {""has_permission_clause"": false, ""has_equivalent_clause"": false, ""is_recommended"": false}}",1.0,4,4
FA14-MATH-4330-1,MATH,4330,FA14,Honors Linear Algebra,"Prerequisite: high level of performance in MATH 2210, MATH 2230, MATH 2310, or MATH 2940.","{""type"": ""PREREQUISITE_OR"", ""courses"": [""MATH 2210"", ""MATH 2230"", ""MATH 2310"", ""MATH 2940""], ""raw_text"": ""Prerequisite: high level of performance in MATH 2210, MATH 2230, MATH 2310, or MATH 2940."", ""metadata"": {""has_permission_clause"": false, ""has_equivalent_clause"": false, ""is_recommended"": false}}",0.9,4,4
FA14-MATH-4410-1,MATH,4410,FA14,Introduction to Combinatorics I,"Prerequisite: MATH 2210, MATH 2230, MATH 2310, or MATH 2940.","{""type"": ""PREREQUISITE_OR"", ""courses"": [""MATH 2210"", ""MATH 2230"", ""MATH 2310"", ""MATH 2940""], ""raw_text"": ""Prerequisite: MATH 2210, MATH 2230, MATH 2310, or MATH 2940."", ""metadata"": {""has_permission_clause"": false, ""has_equivalent_clause"": false, ""is_recommended"": false}}",1.0,4,4
FA14-MATH-4530-1,MATH,4530,FA14,Introduction to Topology,"Prerequisite: MATH 2210, MATH 2230, MATH 2310, or MATH 2940, plus at least one mathematics course numbered 3000 or above, or permission of instructor.","{""type"": ""PREREQUISITE_OR"", ""courses"": [""MATH 2210"", ""MATH 2230"", ""MATH 2310"", ""MATH 2940""], ""raw_text"": ""Prerequisite: MATH 2210, MATH 2230, MATH 2310, or MATH 2940, plus at least one mathematics course numbered 3000 or above, or permission of instructor."", ""metadata"": {""has_permission_clause"": true, ""has_equivalent_clause"": false, ""is_recommended"": false}}",0.7000000000000001,4,4
FA14-MATH-4710-1,MATH,4710,FA14,Basic Probability,Prerequisite: one year of calculus. Recommended prerequisite: some knowledge of multivariate calculus.,,0.0,4,4
FA14-MATH-4810-1,MATH,4810,FA14,Mathematical Logic,"Prerequisite: MATH 2220 or MATH 2230 and preferably some additional course involving proofs in mathematics, computer science, or philosophy.","{""type"": ""PREREQUISITE_OR"", ""courses"": [""MATH 2220"", ""MATH 2230""], ""raw_text"": ""Prerequisite: MATH 2220\u00a0or MATH 2230\u00a0and preferably some additional course involving proofs in mathematics, computer science, or philosophy."", ""metadata"": {""has_permission_clause"": false, ""has_equivalent_clause"": false, ""is_recommended"": false}}",1.0,4,4
FA14-MATH-4820-2,MATH,4820,FA14,Topics in Logic and the Foundations of Mathematics,,,0.0,4,4
FA14-MATH-4900-1,MATH,4900,FA14,Supervised Research,,,0.0,1,6
FA14-MATH-4901-1,MATH,4901,FA14,Supervised Reading,,,0.0,1,6
FA14-MATH-5080-1,MATH,5080,FA14,Special Study for Teachers,,,0.0,1,3
FA14-MATH-6110-1,MATH,6110,FA14,Real Analysis,,,0.0,4,4
FA14-MATH-6170-1,MATH,6170,FA14,Dynamical Systems,,,0.0,4,4
FA14-MATH-6210-1,MATH,6210,FA14,Measure Theory and Lebesgue Integration,,,0.0,4,4
FA14-MATH-6310-1,MATH,6310,FA14,Algebra,Prerequisite: familiarity with material covered in a standard undergraduate course in abstract algebra.,,0.0,4,4
FA14-MATH-6340-1,MATH,6340,FA14,Commutative Algebra with Applications in Algebraic Geometry,,,0.0,4,4
FA14-MATH-6490-1,MATH,6490,FA14,Lie Algebras,,,0.0,4,4
FA14-MATH-6520-1,MATH,6520,FA14,Differentiable Manifolds I,"Prerequisites: advanced calculus, linear algebra (MATH 4310), point-set topology (MATH 4530).","{""type"": ""PREREQUISITE"", ""courses"": [""MATH 4310"", ""MATH 4530""], ""raw_text"": ""Prerequisites: advanced calculus, linear algebra (MATH 4310), point-set topology (MATH 4530)."", ""metadata"": {""has_permission_clause"": false, ""has_equivalent_clause"": false, ""is_recommended"": false}}",0.7,4,4
FA14-MATH-6620-1,MATH,6620,FA14,Riemannian Geometry,,,0.0,4,4
FA14-MATH-6710-1,MATH,6710,FA14,Probability Theory I,"Prerequisite: knowledge of Lebesgue integration theory, at least on real line. Students can learn this material by taking parts of MATH 4130-MATH 4140 or MATH 6210.","{""type"": ""PREREQUISITE_OR"", ""courses"": [""MATH 4130"", ""MATH 4140"", ""MATH 6210""], ""raw_text"": ""Prerequisite: knowledge of Lebesgue integration theory, at least on real line. Students can learn this material by taking parts of MATH 4130-MATH 4140\u00a0or MATH 6210."", ""metadata"": {""has_permission_clause"": false, ""has_equivalent_clause"": false, ""is_recommended"": false}}",0.8,4,4
FA14-MATH-6730-2,MATH,6730,FA14,Mathematical Statistics I,"Prerequisite: Undergraduate real analysis and probability (MATH 3110, MATH 4710).","{""type"": ""PREREQUISITE_AND"", ""courses"": [""MATH 3110"", ""MATH 4710""], ""raw_text"": ""Prerequisite: Undergraduate real analysis and probability (MATH 3110, MATH 4710)."", ""metadata"": {""has_permission_clause"": false, ""has_equivalent_clause"": false, ""is_recommended"": false}}",0.7,4,4
FA14-MATH-7290-2,MATH,7290,FA14,Seminar on Scientific Computing and Numerics,,,0.0,1,1
FA14-MATH-7370-1,MATH,7370,FA14,Algebraic Number Theory,,,0.0,4,4
FA14-MATH-7390-1,MATH,7390,FA14,Topics in Algebra,,,0.0,4,4
FA14-MATH-7510-1,MATH,7510,FA14,Berstein Seminar in Topology,,,0.0,4,4
FA14-MATH-7530-1,MATH,7530,FA14,Algebraic Topology II,,,0.0,4,4
FA14-MATH-7550-1,MATH,7550,FA14,Topology and Geometric Group Theory Seminar,,,0.0,4,4
FA14-MATH-7570-1,MATH,7570,FA14,Topics in Topology,,,0.0,4,4
FA14-MATH-7740-1,MATH,7740,FA14,Statistical Learning Theory,Prerequisite: basic mathematical statistics (MATH 6740 or equivalent) and measure theoretic probability (MATH 6710).,"{""type"": ""PREREQUISITE_OR"", ""courses"": [""MATH 6740"", ""MATH 6710""], ""raw_text"": ""Prerequisite: basic mathematical statistics (MATH 6740\u00a0or equivalent) and measure theoretic probability (MATH 6710)."", ""metadata"": {""has_permission_clause"": false, ""has_equivalent_clause"": true, ""is_recommended"": false}}",0.39999999999999997,4,4
FA14-MATH-7810-1,MATH,7810,FA14,Seminar in Logic,,,0.0,4,4
FA14-MATH-7840-1,MATH,7840,FA14,Recursion Theory,,,0.0,4,4
FA14-MATH-7900-1,MATH,7900,FA14,Supervised Reading and Research,,,0.0,1,6
